[
  {
    "imgSrc":"../images/p_paging_1.JPG",
    "price":"¥3390.00",
    "prov":"¥4850.00",
    "info":"Versace Jeans 范思哲 秋冬新品女款羽绒E5H0A97528572 899",
  },
  {
    "imgSrc":"../images/p_paging_2.JPG",
    "price":"¥2990.00",
    "prov":"¥4250.00",
    "info":"Versace Jeans 范思哲 秋冬新品女款羽绒E5H0A97528572 899",
  },
  {
    "imgSrc":"../images/p_paging_3.JPG",
    "price":"¥1620.00",
    "prov":"¥5400.00",
    "info":"ARMANI JEANS 阿玛尼.牛仔 秋冬新品女款羽绒服6X5B50 5NUAZ ",
  },
  {
    "imgSrc":"../images/p_paging_4.JPG",
    "price":"¥3890.00",
    "prov":"¥5590.00",
    "info":"ARMANI JEANS 阿玛尼牛仔 女款羽绒服Z5B15 UA",
  },
  {
    "imgSrc":"../images/p_paging_5.JPG",
    "price":"358",
    "prov":"¥4850.00",
    "info":"Versace Jeans 范思哲 秋冬新品女款羽绒E5H0A98028576 530",
  },
  {
    "imgSrc":"../images/p_paging_6.JPG",
    "price":"¥1440.00",
    "prov":"¥4850.00",
    "info":"Versace Collection 范思哲 秋冬新品女款羽绒服G34508 G601417 ",
  },
  {
    "imgSrc":"../images/p_paging_7.JPG",
    "price":"¥1440.00",
    "prov":"¥4850.00",
    "info":"Versace Jeans 范思哲 秋冬新品女款羽绒E5H0A97728573 300",
  },
  {
    "imgSrc":"../images/p_paging_8.JPG",
    "price":"¥1440.00",
    "prov":"¥4850.00",
    "info":"Moschino 莫斯奇诺 女款针织套头衫W629201 E1691 C74",
  },
  {
    "imgSrc":"../images/p_paging_9.JPG",
    "price":"¥1440.00",
    "prov":"¥4850.00",
    "info":"ARMANI JEANS 阿玛尼牛仔 女款针织衫B5W41 XR 12"
  },
  {
    "imgSrc":"../images/p_paging_10.JPG",
    "price":"¥1440.00",
    "prov":"¥4850.00",
    "info":"ARMANI JEANS 阿玛尼牛仔 女款 棉服B5B44 UA 46"
  },
  {
    "imgSrc":"../images/p_paging_11.JPG",
    "price":"¥1440.00",
    "prov":"¥4850.00",
    "info":"VERSUS/范瑟丝 范瑟丝女款纯棉针织衫BD90134 BT20464 B1008"
  },
  {
    "imgSrc":"../images/p_paging_12.JPG",
    "price":"¥1440.00",
    "prov":"¥4850.00",
    "info":"ARMANI JEANS 阿玛尼牛仔 女款针织衫Z5W53 WB K5"
  },
  {
    "imgSrc":"../images/p_paging_13.JPG",
    "price":"¥1440.00",
    "prov":"¥4850.00",
    "info":"ARMANI JEANS 阿玛尼牛仔 女款毛衫Z5W53 WB"
  },
  {
    "imgSrc":"../images/p_paging_14.JPG",
    "price":"¥1440.00",
    "prov":"¥4850.00",
    "info":"Moschino 莫斯奇诺女款针织衫0952 5502 555"
  },
  {
    "imgSrc":"../images/p_paging_15.JPG",
    "price":"¥1440.00",
    "prov":"¥4850.00",
    "info":"VERSUS/范瑟丝 范瑟丝 女款针织套头衫BD80399BK00412B1211"
  },
  {
    "imgSrc":"../images/p_paging_16.JPG",
    "price":"¥1440.00",
    "prov":"¥4850.00",
    "info":"ARMANI JEANS 阿玛尼牛仔 女款针织毛衫B5W65 XZ"
  },
  {
    "imgSrc":"../images/p_paging_17.JPG",
    "price":"¥1440.00",
    "prov":"¥4850.00",
    "info":"ARMANI JEANS 阿玛尼牛仔 女款针织衫B5W80 TG"
  },
  {
    "imgSrc":"../images/p_paging_18.JPG",
    "price":"¥1440.00",
    "prov":"¥4850.00",
    "info":"ARMANI JEANS 阿玛尼牛仔 女款纯棉套头衫B5H32 LE 01",
    "sellNum":"2154"
  },
  {
    "imgSrc":"../images/p_paging_19.JPG",
    "price":"¥1440.00",
    "prov":"¥4850.00",
    "info":"ARMANI JEANS 阿玛尼牛仔 女款纯棉套头衫B5H32 LE 01"
  },
  {
    "imgSrc":"../images/p_paging_20.JPG",
    "price":"¥1440.00",
    "prov":"¥4850.00",
    "info":"ARMANI JEANS 阿玛尼牛仔 女款纯棉套头衫B5H32 LE 01"
  },
  {
    "imgSrc":"../images/p_paging_21.JPG",
    "price":"¥1440.00",
    "prov":"¥4850.00",
    "info":"ARMANI JEANS 阿玛尼牛仔 女款纯棉套头衫B5H32 LE 01"
  },
  {
    "imgSrc":"../images/p_paging_22.JPG",
    "price":"¥1440.00",
    "prov":"¥4850.00",
    "info":"ARMANI JEANS 阿玛尼牛仔 女款纯棉套头衫B5H32 LE 01"
  },
  {
    "imgSrc":"../images/p_paging_23.JPG",
    "price":"¥1440.00",
    "prov":"¥4850.00",
    "info":"ARMANI JEANS 阿玛尼牛仔 女款纯棉套头衫B5H32 LE 01"
  },
  {
    "imgSrc":"../images/p_paging_24.JPG",
    "price":"¥1440.00",
    "prov":"¥4850.00",
    "info":"ARMANI JEANS 阿玛尼牛仔 女款纯棉套头衫B5H32 LE 01"
  },
  {
    "imgSrc":"../images/p_paging_25.JPG",
    "price":"¥1440.00",
    "prov":"¥4850.00",
    "info":"ARMANI JEANS 阿玛尼牛仔 女款纯棉套头衫B5H32 LE 01"
  },
  {
    "imgSrc":"../images/p_paging_26.JPG",
    "price":"¥1440.00",
    "prov":"¥4850.00",
    "info":"ARMANI JEANS 阿玛尼牛仔 女款纯棉套头衫B5H32 LE 01"
  },
  {
    "imgSrc":"../images/p_paging_27.JPG",
    "price":"¥1440.00",
    "prov":"¥4850.00",
    "info":"ARMANI JEANS 阿玛尼牛仔 女款纯棉套头衫B5H32 LE 01"
  },
  {
    "imgSrc":"../images/p_paging_28.JPG",
    "price":"¥1440.00",
    "prov":"¥4850.00",
    "info":"ARMANI JEANS 阿玛尼牛仔 女款纯棉套头衫B5H32 LE 01"
  },
  {
    "imgSrc":"../images/p_paging_29.JPG",
    "price":"¥1440.00",
    "prov":"¥4850.00",
    "info":"ARMANI JEANS 阿玛尼牛仔 女款纯棉套头衫B5H32 LE 01"
  },
  {
    "imgSrc":"../images/p_paging_30.JPG",
    "price":"¥1440.00",
    "prov":"¥4850.00",
    "info":"ARMANI JEANS 阿玛尼牛仔 女款纯棉套头衫B5H32 LE 01"
  },
  {
    "imgSrc":"../images/p_paging_31.JPG",
    "price":"¥1440.00",
    "prov":"¥4850.00",
    "info":"ARMANI JEANS 阿玛尼牛仔 女款纯棉套头衫B5H32 LE 01"
  },
  {
    "imgSrc":"../images/p_paging_32.JPG",
    "price":"¥1440.00",
    "prov":"¥4850.00",
    "info":"ARMANI JEANS 阿玛尼牛仔 女款纯棉套头衫B5H32 LE 01"
  },
  {
    "imgSrc":"../images/p_paging_33.JPG",
    "price":"¥1440.00",
    "prov":"¥4850.00",
    "info":"ARMANI JEANS 阿玛尼牛仔 女款纯棉套头衫B5H32 LE 01"
  },
  {
    "imgSrc":"../images/p_paging_34.JPG",
    "price":"¥1440.00",
    "prov":"¥4850.00",
    "info":"ARMANI JEANS 阿玛尼牛仔 女款纯棉套头衫B5H32 LE 01"
  },
  {
    "imgSrc":"../images/p_paging_35.JPG",
    "price":"¥1440.00",
    "prov":"¥4850.00",
    "info":"ARMANI JEANS 阿玛尼牛仔 女款纯棉套头衫B5H32 LE 01"
  },
  {
    "imgSrc":"../images/p_paging_36.JPG",
    "price":"¥1440.00",
    "prov":"¥4850.00",
    "info":"ARMANI JEANS 阿玛尼牛仔 女款纯棉套头衫B5H32 LE 01"
  },
  {
    "imgSrc":"../images/p_paging_37.JPG",
    "price":"¥1440.00",
    "prov":"¥4850.00",
    "info":"ARMANI JEANS 阿玛尼牛仔 女款纯棉套头衫B5H32 LE 01"
  },
  {
    "imgSrc":"../images/p_paging_38.JPG",
    "price":"¥1440.00",
    "prov":"¥4850.00",
    "info":"ARMANI JEANS 阿玛尼牛仔 女款纯棉套头衫B5H32 LE 01"
  },
  {
    "imgSrc":"../images/p_paging_39.JPG",
    "price":"¥1440.00",
    "prov":"¥4850.00",
    "info":"ARMANI JEANS 阿玛尼牛仔 女款纯棉套头衫B5H32 LE 01"
  },
  {
    "imgSrc":"../images/p_paging_40.JPG",
    "price":"¥1440.00",
    "prov":"¥4850.00",
    "info":"ARMANI JEANS 阿玛尼牛仔 女款纯棉套头衫B5H32 LE 01"
  },
  {
    "imgSrc":"../images/p_paging_41.JPG",
    "price":"¥1440.00",
    "prov":"¥4850.00",
    "info":"ARMANI JEANS 阿玛尼牛仔 女款纯棉套头衫B5H32 LE 01"
  },
  {
    "imgSrc":"../images/p_paging_42.JPG",
    "price":"¥1440.00",
    "prov":"¥4850.00",
    "info":"ARMANI JEANS 阿玛尼牛仔 女款纯棉套头衫B5H32 LE 01"
  },
  {
    "imgSrc":"../images/p_paging_43.JPG",
    "price":"¥1440.00",
    "prov":"¥4850.00",
    "info":"ARMANI JEANS 阿玛尼牛仔 女款纯棉套头衫B5H32 LE 01"
  },
  {
    "imgSrc":"../images/p_paging_44.JPG",
    "price":"¥1440.00",
    "prov":"¥4850.00",
    "info":"ARMANI JEANS 阿玛尼牛仔 女款纯棉套头衫B5H32 LE 01"
  },
  {
    "imgSrc":"../images/p_paging_45.JPG",
    "price":"¥1440.00",
    "prov":"¥4850.00",
    "info":"ARMANI JEANS 阿玛尼牛仔 女款纯棉套头衫B5H32 LE 01"
  },
  {
    "imgSrc":"../images/p_paging_46.JPG",
    "price":"¥1440.00",
    "prov":"¥4850.00",
    "info":"ARMANI JEANS 阿玛尼牛仔 女款纯棉套头衫B5H32 LE 01"
  },
  {
    "imgSrc":"../images/p_paging_47.JPG",
    "price":"¥1440.00",
    "prov":"¥4850.00",
    "info":"ARMANI JEANS 阿玛尼牛仔 女款纯棉套头衫B5H32 LE 01"
  },
  {
    "imgSrc":"../images/p_paging_48.JPG",
    "price":"¥1440.00",
    "prov":"¥4850.00",
    "info":"ARMANI JEANS 阿玛尼牛仔 女款纯棉套头衫B5H32 LE 01"
  },
  {
    "imgSrc":"../images/p_paging_49.JPG",
    "price":"¥1440.00",
    "prov":"¥4850.00",
    "info":"ARMANI JEANS 阿玛尼牛仔 女款纯棉套头衫B5H32 LE 01"
  },
  {
    "imgSrc":"../images/p_paging_50.JPG",
    "price":"¥1440.00",
    "prov":"¥4850.00",
    "info":"ARMANI JEANS 阿玛尼牛仔 女款纯棉套头衫B5H32 LE 01"
  },
  {
    "imgSrc":"../images/p_paging_51.JPG",
    "price":"¥1440.00",
    "prov":"¥4850.00",
    "info":"ARMANI JEANS 阿玛尼牛仔 女款纯棉套头衫B5H32 LE 01"
  },
  {
    "imgSrc":"../images/p_paging_52.JPG",
    "price":"¥1440.00",
    "prov":"¥4850.00",
    "info":"ARMANI JEANS 阿玛尼牛仔 女款纯棉套头衫B5H32 LE 01"
  },
  {
    "imgSrc":"../images/p_paging_53.JPG",
    "price":"¥1440.00",
    "prov":"¥4850.00",
    "info":"ARMANI JEANS 阿玛尼牛仔 女款纯棉套头衫B5H32 LE 01"
  },
  {
    "imgSrc":"../images/p_paging_54.JPG",
    "price":"¥1440.00",
    "prov":"¥4850.00",
    "info":"ARMANI JEANS 阿玛尼牛仔 女款纯棉套头衫B5H32 LE 01"
  },
  {
    "imgSrc":"../images/p_paging_55.JPG",
    "price":"¥1440.00",
    "prov":"¥4850.00",
    "info":"ARMANI JEANS 阿玛尼牛仔 女款纯棉套头衫B5H32 LE 01",
  },
  {
    "imgSrc":"../images/p_paging_56.JPG",
    "price":"¥1440.00",
    "prov":"¥4850.00",
    "info":"ARMANI JEANS 阿玛尼牛仔 女款纯棉套头衫B5H32 LE 01"
  },
  {
    "imgSrc":"../images/p_paging_57.JPG",
    "price":"¥1440.00",
    "prov":"¥4850.00",
    "info":"ARMANI JEANS 阿玛尼牛仔 女款纯棉套头衫B5H32 LE 01"
  },
  {
    "imgSrc":"../images/p_paging_58.JPG",
    "price":"¥1440.00",
    "prov":"¥4850.00",
    "info":"ARMANI JEANS 阿玛尼牛仔 女款纯棉套头衫B5H32 LE 01"
  },
  {
    "imgSrc":"../images/p_paging_59.JPG",
    "price":"¥1440.00",
    "prov":"¥4850.00",
    "info":"ARMANI JEANS 阿玛尼牛仔 女款纯棉套头衫B5H32 LE 01"
  },
  {
    "imgSrc":"../images/p_paging_60.JPG",
    "price":"¥1440.00",
    "prov":"¥4850.00",
    "info":"ARMANI JEANS 阿玛尼牛仔 女款纯棉套头衫B5H32 LE 01"
  }
]
