[
	{"北京":{"东城区":["石景山区","房山区","通州区","顺义区","昌平区","大兴区","怀柔区","平谷区","门头沟区","密云县"],
			"西城区":["东城区","西城区","崇文区","宣武区","朝阳区","海淀区","丰台区","石景山区","房山区"],
			"崇文区":["昌平区","大兴区","怀柔区","平谷区","门头沟区","密云县","延庆县"]
			}
	},

	{"天津": {"和平区":["和平区","河东区","河西区","南开区","河北区"],
			"河东区":["津南区","武清区","宝坻区","滨海新区","静海县","宁河县","蓟县"],
			"河西区":["南开区","河北区","红桥区","东丽区","西青区","北辰区",
				"津南区","武清区","宝坻区"]
			}
	},
				
	{"河南":{"郑州":["金水区","中原区","二七区","管城回族区","新郑市","上街区","惠济区"],
			"开封":["顺河回族区","鼓楼区","龙亭区","禹王台区"],
			"南阳":["内乡","新野","邓县","南召","淅川","唐河"]
			}
	}			
]